name,label,geometry
1,Madrid,40.446254412914385 -3.7445467750577563
2,Warsaw,52.18544754541023 21.1006145352125
3,Stockholm-Copenhagen-Berlin,59.31284185390564 18.04203801493341; 55.7237702447557 12.59922155107742; 52.48574101841746 13.337427033540052
4,Prague-Vienna-Budapest,47.485570717616696 19.04921763281365; 48.19954394662233 16.42105774490628; 50.139932923435055 14.417694964430638
5,London-Leeds-Liverpool-London,53.40903732686215 -2.991905620523312; 51.505094241512666 -0.1321803079139272; 53.8052722823615 -1.5363611594108022; 53.40903732686215 -2.991905620523312
6,Paris-Basel-Frankfurt-Paris,48.840915452897946 2.3146557958955327; 47.54579786412256 7.63542665300713; 50.10149750150822 8.703168961933983; 48.840915452897946 2.3146557958955327
